{
  "name": "process-radar-data",
  "type": "flogo:activity",
  "version": "0.0.1",
  "title": "Process Radar Data",
  "description": "Process Radar Data send by Hugo Cruz Go Lang Publisher",
  "homepage": "https://github.com/project-flogo/tree/master/examples/activity",
  "settings": [
    {
      "name": "aSetting",
      "type": "string",
      "required": true
    }
  ],
  "input": [
    {
      "name": "payload",
      "type": "bytes[]",
      "required": true
    }
  ],
  "output": [
    {
      "name": "msgType",
      "type": "string"
    },
    {
      "name": "timestamp",
      "type": "int64"
    },
    {
      "name": "icaoHexCode",
      "type": "string"
    },
    {
      "name": "callsign",
      "type": "string"
    },
    {
      "name": "altitude",
      "type": "int32"
    },
    {
      "name": "latitude",
      "type": "float32"
    },
    {
      "name": "longitude",
      "type": "float32"
    },
    {
      "name": "onGround",
      "type": "int32"
    },
    {
      "name": "groundSpeed",
      "type": "float32"
    },
    {
      "name": "track",
      "type": "float32"
    },
    {
      "name": "verticalRate",
      "type": "int32"
    }
  ]
}
